,id,season,city,date,match_type,player_of_match,venue,team1,team2,toss_winner,toss_decision,winner,result,result_margin,target_runs,target_overs,super_over,method,umpire1,umpire2,season_year
876,1304047,2022,Mumbai,2022-03-26,League,UT Yadav,"Wankhede Stadium, Mumbai",Chennai Super Kings,Kolkata Knight Riders,Kolkata Knight Riders,field,Kolkata Knight Riders,wickets,6.0,132.0,20.0,N,,AK Chaudhary,Nitin Menon,2022
877,1304048,2022,Mumbai,2022-03-27,League,Kuldeep Yadav,"Brabourne Stadium, Mumbai",Mumbai Indians,Delhi Capitals,Delhi Capitals,field,Delhi Capitals,wickets,4.0,178.0,20.0,N,,RJ Tucker,HAS Khalid,2022
878,1304049,2022,Mumbai,2022-03-27,League,OF Smith,"Dr DY Patil Sports Academy, Mumbai",Royal Challengers Bangalore,Punjab Kings,Punjab Kings,field,Punjab Kings,wickets,5.0,206.0,20.0,N,,Nitin Menon,YC Barde,2022
879,1304050,2022,Mumbai,2022-03-28,League,Mohammed Shami,"Wankhede Stadium, Mumbai",Lucknow Super Giants,Gujarat Titans,Gujarat Titans,field,Gujarat Titans,wickets,5.0,159.0,20.0,N,,PG Pathak,VK Sharma,2022
880,1304051,2022,Pune,2022-03-29,League,SV Samson,"Maharashtra Cricket Association Stadium, Pune",Rajasthan Royals,Sunrisers Hyderabad,Sunrisers Hyderabad,field,Rajasthan Royals,runs,61.0,211.0,20.0,N,,BNJ Oxenford,UV Gandhe,2022
881,1304052,2022,Mumbai,2022-03-30,League,PWH de Silva,"Dr DY Patil Sports Academy, Mumbai",Kolkata Knight Riders,Royal Challengers Bangalore,Royal Challengers Bangalore,field,Royal Challengers Bangalore,wickets,3.0,129.0,20.0,N,,J Madanagopal,Navdeep Singh,2022
882,1304053,2022,Mumbai,2022-03-31,League,E Lewis,"Brabourne Stadium, Mumbai",Chennai Super Kings,Lucknow Super Giants,Lucknow Super Giants,field,Lucknow Super Giants,wickets,6.0,211.0,20.0,N,,RJ Tucker,VK Sharma,2022
883,1304054,2022,Mumbai,2022-04-01,League,UT Yadav,"Wankhede Stadium, Mumbai",Punjab Kings,Kolkata Knight Riders,Kolkata Knight Riders,field,Kolkata Knight Riders,wickets,6.0,138.0,20.0,N,,AK Chaudhary,HAS Khalid,2022
884,1304055,2022,Mumbai,2022-04-02,League,JC Buttler,"Dr DY Patil Sports Academy, Mumbai",Rajasthan Royals,Mumbai Indians,Mumbai Indians,field,Rajasthan Royals,runs,23.0,194.0,20.0,N,,Nitin Menon,PG Pathak,2022
885,1304056,2022,Pune,2022-04-02,League,LH Ferguson,"Maharashtra Cricket Association Stadium, Pune",Gujarat Titans,Delhi Capitals,Delhi Capitals,field,Gujarat Titans,runs,14.0,172.0,20.0,N,,KN Ananthapadmanabhan,UV Gandhe,2022
886,1304057,2022,Mumbai,2022-04-03,League,LS Livingstone,"Brabourne Stadium, Mumbai",Punjab Kings,Chennai Super Kings,Chennai Super Kings,field,Punjab Kings,runs,54.0,181.0,20.0,N,,RJ Tucker,YC Barde,2022
887,1304058,2022,Mumbai,2022-04-04,League,Avesh Khan,"Dr DY Patil Sports Academy, Mumbai",Lucknow Super Giants,Sunrisers Hyderabad,Sunrisers Hyderabad,field,Lucknow Super Giants,runs,12.0,170.0,20.0,N,,J Madanagopal,Navdeep Singh,2022
888,1304059,2022,Mumbai,2022-04-05,League,KD Karthik,"Wankhede Stadium, Mumbai",Rajasthan Royals,Royal Challengers Bangalore,Royal Challengers Bangalore,field,Royal Challengers Bangalore,wickets,4.0,170.0,20.0,N,,AK Chaudhary,HAS Khalid,2022
889,1304060,2022,Pune,2022-04-06,League,PJ Cummins,"Maharashtra Cricket Association Stadium, Pune",Mumbai Indians,Kolkata Knight Riders,Kolkata Knight Riders,field,Kolkata Knight Riders,wickets,5.0,162.0,20.0,N,,BNJ Oxenford,KN Ananthapadmanabhan,2022
890,1304061,2022,Mumbai,2022-04-07,League,Q de Kock,"Dr DY Patil Sports Academy, Mumbai",Delhi Capitals,Lucknow Super Giants,Lucknow Super Giants,field,Lucknow Super Giants,wickets,6.0,150.0,20.0,N,,RJ Tucker,Tapan Sharma,2022
891,1304062,2022,Mumbai,2022-04-08,League,Shubman Gill,"Brabourne Stadium, Mumbai",Punjab Kings,Gujarat Titans,Gujarat Titans,field,Gujarat Titans,wickets,6.0,190.0,20.0,N,,AK Chaudhary,VK Sharma,2022
892,1304063,2022,Mumbai,2022-04-09,League,Abhishek Sharma,"Dr DY Patil Sports Academy, Mumbai",Chennai Super Kings,Sunrisers Hyderabad,Sunrisers Hyderabad,field,Sunrisers Hyderabad,wickets,8.0,155.0,20.0,N,,Navdeep Singh,Nitin Menon,2022
893,1304064,2022,Pune,2022-04-09,League,Anuj Rawat,"Maharashtra Cricket Association Stadium, Pune",Mumbai Indians,Royal Challengers Bangalore,Royal Challengers Bangalore,field,Royal Challengers Bangalore,wickets,7.0,152.0,20.0,N,,BNJ Oxenford,KN Ananthapadmanabhan,2022
894,1304065,2022,Mumbai,2022-04-10,League,Kuldeep Yadav,"Brabourne Stadium, Mumbai",Delhi Capitals,Kolkata Knight Riders,Kolkata Knight Riders,field,Delhi Capitals,runs,44.0,216.0,20.0,N,,CB Gaffaney,J Madanagopal,2022
895,1304066,2022,Mumbai,2022-04-10,League,YS Chahal,"Wankhede Stadium, Mumbai",Rajasthan Royals,Lucknow Super Giants,Lucknow Super Giants,field,Rajasthan Royals,runs,3.0,166.0,20.0,N,,AK Chaudhary,Tapan Sharma,2022
896,1304067,2022,Mumbai,2022-04-11,League,KS Williamson,"Dr DY Patil Sports Academy, Mumbai",Gujarat Titans,Sunrisers Hyderabad,Sunrisers Hyderabad,field,Sunrisers Hyderabad,wickets,8.0,163.0,20.0,N,,Chirra Ravikanthreddy,RJ Tucker,2022
897,1304068,2022,Mumbai,2022-04-12,League,S Dube,"Dr DY Patil Sports Academy, Mumbai",Chennai Super Kings,Royal Challengers Bangalore,Royal Challengers Bangalore,field,Chennai Super Kings,runs,23.0,217.0,20.0,N,,Nitin Menon,N Pandit,2022
898,1304069,2022,Pune,2022-04-13,League,MA Agarwal,"Maharashtra Cricket Association Stadium, Pune",Punjab Kings,Mumbai Indians,Mumbai Indians,field,Punjab Kings,runs,12.0,199.0,20.0,N,,BNJ Oxenford,UV Gandhe,2022
899,1304070,2022,Mumbai,2022-04-14,League,HH Pandya,"Dr DY Patil Sports Academy, Mumbai",Gujarat Titans,Rajasthan Royals,Rajasthan Royals,field,Gujarat Titans,runs,37.0,193.0,20.0,N,,CB Gaffaney,R Pandit,2022
900,1304071,2022,Mumbai,2022-04-15,League,RA Tripathi,"Brabourne Stadium, Mumbai",Kolkata Knight Riders,Sunrisers Hyderabad,Sunrisers Hyderabad,field,Sunrisers Hyderabad,wickets,7.0,176.0,20.0,N,,GR Sadashiv Iyer,VK Sharma,2022
901,1304072,2022,Mumbai,2022-04-16,League,KL Rahul,"Brabourne Stadium, Mumbai",Lucknow Super Giants,Mumbai Indians,Mumbai Indians,field,Lucknow Super Giants,runs,18.0,200.0,20.0,N,,AK Chaudhary,NA Patwardhan,2022
902,1304073,2022,Mumbai,2022-04-16,League,KD Karthik,"Wankhede Stadium, Mumbai",Royal Challengers Bangalore,Delhi Capitals,Delhi Capitals,field,Royal Challengers Bangalore,runs,16.0,190.0,20.0,N,,Chirra Ravikanthreddy,J Madanagopal,2022
903,1304074,2022,Mumbai,2022-04-17,League,Umran Malik,"Dr DY Patil Sports Academy, Mumbai",Punjab Kings,Sunrisers Hyderabad,Sunrisers Hyderabad,field,Sunrisers Hyderabad,wickets,7.0,152.0,20.0,N,,PG Pathak,R Pandit,2022
904,1304075,2022,Pune,2022-04-17,League,DA Miller,"Maharashtra Cricket Association Stadium, Pune",Chennai Super Kings,Gujarat Titans,Gujarat Titans,field,Gujarat Titans,wickets,3.0,170.0,20.0,N,,KN Ananthapadmanabhan,UV Gandhe,2022
905,1304076,2022,Mumbai,2022-04-18,League,YS Chahal,"Brabourne Stadium, Mumbai",Rajasthan Royals,Kolkata Knight Riders,Kolkata Knight Riders,field,Rajasthan Royals,runs,7.0,218.0,20.0,N,,GR Sadashiv Iyer,VK Sharma,2022
906,1304077,2022,Mumbai,2022-04-19,League,F du Plessis,"Dr DY Patil Sports Academy, Mumbai",Royal Challengers Bangalore,Lucknow Super Giants,Lucknow Super Giants,field,Royal Challengers Bangalore,runs,18.0,182.0,20.0,N,,CB Gaffaney,N Pandit,2022
907,1304078,2022,Mumbai,2022-04-20,League,Kuldeep Yadav,"Brabourne Stadium, Mumbai",Punjab Kings,Delhi Capitals,Delhi Capitals,field,Delhi Capitals,wickets,9.0,116.0,20.0,N,,RJ Tucker,Tapan Sharma,2022
908,1304079,2022,Navi Mumbai,2022-04-21,League,Mukesh Choudhary,"Dr DY Patil Sports Academy, Mumbai",Mumbai Indians,Chennai Super Kings,Chennai Super Kings,field,Chennai Super Kings,wickets,3.0,156.0,20.0,N,,BNJ Oxenford,UV Gandhe,2022
909,1304080,2022,Mumbai,2022-04-22,League,JC Buttler,"Wankhede Stadium, Mumbai",Rajasthan Royals,Delhi Capitals,Delhi Capitals,field,Rajasthan Royals,runs,15.0,223.0,20.0,N,,NA Patwardhan,Nitin Menon,2022
910,1304081,2022,Navi Mumbai,2022-04-23,League,Rashid Khan,"Dr DY Patil Sports Academy, Mumbai",Gujarat Titans,Kolkata Knight Riders,Gujarat Titans,bat,Gujarat Titans,runs,8.0,157.0,20.0,N,,KN Ananthapadmanabhan,UV Gandhe,2022
911,1304082,2022,Mumbai,2022-04-23,League,M Jansen,"Brabourne Stadium, Mumbai",Royal Challengers Bangalore,Sunrisers Hyderabad,Sunrisers Hyderabad,field,Sunrisers Hyderabad,wickets,9.0,69.0,20.0,N,,Chirra Ravikanthreddy,J Madanagopal,2022
912,1304083,2022,Mumbai,2022-04-24,League,KL Rahul,"Wankhede Stadium, Mumbai",Lucknow Super Giants,Mumbai Indians,Mumbai Indians,field,Lucknow Super Giants,runs,36.0,169.0,20.0,N,,M Erasmus,HAS Khalid,2022
913,1304084,2022,Mumbai,2022-04-25,League,S Dhawan,"Wankhede Stadium, Mumbai",Punjab Kings,Chennai Super Kings,Chennai Super Kings,field,Punjab Kings,runs,11.0,188.0,20.0,N,,M Erasmus,Tapan Sharma,2022
914,1304085,2022,Pune,2022-04-26,League,R Parag,"Maharashtra Cricket Association Stadium, Pune",Rajasthan Royals,Royal Challengers Bangalore,Royal Challengers Bangalore,field,Rajasthan Royals,runs,29.0,145.0,20.0,N,,BNJ Oxenford,KN Ananthapadmanabhan,2022
915,1304086,2022,Mumbai,2022-04-27,League,Umran Malik,"Wankhede Stadium, Mumbai",Sunrisers Hyderabad,Gujarat Titans,Gujarat Titans,field,Gujarat Titans,wickets,5.0,196.0,20.0,N,,CB Gaffaney,Navdeep Singh,2022
916,1304087,2022,Mumbai,2022-04-28,League,Kuldeep Yadav,"Wankhede Stadium, Mumbai",Kolkata Knight Riders,Delhi Capitals,Delhi Capitals,field,Delhi Capitals,wickets,4.0,147.0,20.0,N,,AK Chaudhary,PG Pathak,2022
917,1304088,2022,Pune,2022-04-29,League,KH Pandya,"Maharashtra Cricket Association Stadium, Pune",Lucknow Super Giants,Punjab Kings,Punjab Kings,field,Lucknow Super Giants,runs,20.0,154.0,20.0,N,,MA Gough,UV Gandhe,2022
918,1304089,2022,Mumbai,2022-04-30,League,R Tewatia,"Brabourne Stadium, Mumbai",Royal Challengers Bangalore,Gujarat Titans,Royal Challengers Bangalore,bat,Gujarat Titans,wickets,6.0,171.0,20.0,N,,HAS Khalid,VK Sharma,2022
919,1304090,2022,Navi Mumbai,2022-04-30,League,SA Yadav,"Dr DY Patil Sports Academy, Mumbai",Rajasthan Royals,Mumbai Indians,Mumbai Indians,field,Mumbai Indians,wickets,5.0,159.0,20.0,N,,BNJ Oxenford,YC Barde,2022
920,1304091,2022,Mumbai,2022-05-01,League,Mohsin Khan,"Wankhede Stadium, Mumbai",Lucknow Super Giants,Delhi Capitals,Lucknow Super Giants,bat,Lucknow Super Giants,runs,6.0,196.0,20.0,N,,Chirra Ravikanthreddy,CB Gaffaney,2022
921,1304092,2022,Pune,2022-05-01,League,RD Gaikwad,"Maharashtra Cricket Association Stadium, Pune",Chennai Super Kings,Sunrisers Hyderabad,Sunrisers Hyderabad,field,Chennai Super Kings,runs,13.0,203.0,20.0,N,,AK Chaudhary,KN Ananthapadmanabhan,2022
922,1304093,2022,Mumbai,2022-05-02,League,RK Singh,"Wankhede Stadium, Mumbai",Rajasthan Royals,Kolkata Knight Riders,Kolkata Knight Riders,field,Kolkata Knight Riders,wickets,7.0,153.0,20.0,N,,J Madanagopal,N Pandit,2022
923,1304094,2022,Navi Mumbai,2022-05-03,League,K Rabada,"Dr DY Patil Sports Academy, Mumbai",Gujarat Titans,Punjab Kings,Gujarat Titans,bat,Punjab Kings,wickets,8.0,144.0,20.0,N,,R Pandit,VK Sharma,2022
924,1304095,2022,Pune,2022-05-04,League,HV Patel,"Maharashtra Cricket Association Stadium, Pune",Royal Challengers Bangalore,Chennai Super Kings,Chennai Super Kings,field,Royal Challengers Bangalore,runs,13.0,174.0,20.0,N,,KN Ananthapadmanabhan,MA Gough,2022
925,1304096,2022,Mumbai,2022-05-05,League,DA Warner,"Brabourne Stadium, Mumbai",Delhi Capitals,Sunrisers Hyderabad,Sunrisers Hyderabad,field,Delhi Capitals,runs,21.0,208.0,20.0,N,,Navdeep Singh,NA Patwardhan,2022
926,1304097,2022,Mumbai,2022-05-06,League,TH David,"Brabourne Stadium, Mumbai",Mumbai Indians,Gujarat Titans,Gujarat Titans,field,Mumbai Indians,runs,5.0,178.0,20.0,N,,J Madanagopal,GR Sadashiv Iyer,2022
927,1304098,2022,Mumbai,2022-05-07,League,YBK Jaiswal,"Wankhede Stadium, Mumbai",Punjab Kings,Rajasthan Royals,Punjab Kings,bat,Rajasthan Royals,wickets,6.0,190.0,20.0,N,,Chirra Ravikanthreddy,YC Barde,2022
928,1304099,2022,Pune,2022-05-07,League,Avesh Khan,"Maharashtra Cricket Association Stadium, Pune",Lucknow Super Giants,Kolkata Knight Riders,Kolkata Knight Riders,field,Lucknow Super Giants,runs,75.0,177.0,20.0,N,,AK Chaudhary,MA Gough,2022
929,1304100,2022,Mumbai,2022-05-08,League,PWH de Silva,"Wankhede Stadium, Mumbai",Royal Challengers Bangalore,Sunrisers Hyderabad,Royal Challengers Bangalore,bat,Royal Challengers Bangalore,runs,67.0,193.0,20.0,N,,BNJ Oxenford,N Pandit,2022
930,1304101,2022,Navi Mumbai,2022-05-08,League,DP Conway,"Dr DY Patil Sports Academy, Mumbai",Chennai Super Kings,Delhi Capitals,Delhi Capitals,field,Chennai Super Kings,runs,91.0,209.0,20.0,N,,Nitin Menon,R Pandit,2022
931,1304102,2022,Navi Mumbai,2022-05-09,League,JJ Bumrah,"Dr DY Patil Sports Academy, Mumbai",Kolkata Knight Riders,Mumbai Indians,Mumbai Indians,field,Kolkata Knight Riders,runs,52.0,166.0,20.0,N,,CB Gaffaney,GR Sadashiv Iyer,2022
932,1304103,2022,Pune,2022-05-10,League,Shubman Gill,"Maharashtra Cricket Association Stadium, Pune",Gujarat Titans,Lucknow Super Giants,Gujarat Titans,bat,Gujarat Titans,runs,62.0,145.0,20.0,N,,KN Ananthapadmanabhan,MA Gough,2022
933,1304104,2022,Navi Mumbai,2022-05-11,League,MR Marsh,"Dr DY Patil Sports Academy, Mumbai",Rajasthan Royals,Delhi Capitals,Delhi Capitals,field,Delhi Capitals,wickets,8.0,161.0,20.0,N,,NA Patwardhan,Nitin Menon,2022
934,1304105,2022,Mumbai,2022-05-12,League,DR Sams,"Wankhede Stadium, Mumbai",Chennai Super Kings,Mumbai Indians,Mumbai Indians,field,Mumbai Indians,wickets,5.0,98.0,20.0,N,,Chirra Ravikanthreddy,CB Gaffaney,2022
935,1304106,2022,Mumbai,2022-05-13,League,JM Bairstow,"Brabourne Stadium, Mumbai",Punjab Kings,Royal Challengers Bangalore,Royal Challengers Bangalore,field,Punjab Kings,runs,54.0,210.0,20.0,N,,J Madanagopal,N Pandit,2022
936,1304107,2022,Pune,2022-05-14,League,AD Russell,"Maharashtra Cricket Association Stadium, Pune",Kolkata Knight Riders,Sunrisers Hyderabad,Kolkata Knight Riders,bat,Kolkata Knight Riders,runs,54.0,178.0,20.0,N,,AK Chaudhary,KN Ananthapadmanabhan,2022
937,1304108,2022,Mumbai,2022-05-15,League,WP Saha,"Wankhede Stadium, Mumbai",Chennai Super Kings,Gujarat Titans,Chennai Super Kings,bat,Gujarat Titans,wickets,7.0,134.0,20.0,N,,R Pandit,VK Sharma,2022
938,1304109,2022,Mumbai,2022-05-15,League,TA Boult,"Brabourne Stadium, Mumbai",Rajasthan Royals,Lucknow Super Giants,Rajasthan Royals,bat,Rajasthan Royals,runs,24.0,179.0,20.0,N,,PG Pathak,Tapan Sharma,2022
939,1304110,2022,Navi Mumbai,2022-05-16,League,SN Thakur,"Dr DY Patil Sports Academy, Mumbai",Delhi Capitals,Punjab Kings,Punjab Kings,field,Delhi Capitals,runs,17.0,160.0,20.0,N,,GR Sadashiv Iyer,Nitin Menon,2022
940,1304111,2022,Mumbai,2022-05-17,League,RA Tripathi,"Wankhede Stadium, Mumbai",Sunrisers Hyderabad,Mumbai Indians,Mumbai Indians,field,Sunrisers Hyderabad,runs,3.0,194.0,20.0,N,,CB Gaffaney,N Pandit,2022
941,1304112,2022,Navi Mumbai,2022-05-18,League,Q de Kock,"Dr DY Patil Sports Academy, Mumbai",Lucknow Super Giants,Kolkata Knight Riders,Lucknow Super Giants,bat,Lucknow Super Giants,runs,2.0,211.0,20.0,N,,R Pandit,YC Barde,2022
942,1304113,2022,Mumbai,2022-05-19,League,V Kohli,"Wankhede Stadium, Mumbai",Gujarat Titans,Royal Challengers Bangalore,Gujarat Titans,bat,Royal Challengers Bangalore,wickets,8.0,169.0,20.0,N,,KN Ananthapadmanabhan,GR Sadashiv Iyer,2022
943,1304114,2022,Mumbai,2022-05-20,League,R Ashwin,"Brabourne Stadium, Mumbai",Chennai Super Kings,Rajasthan Royals,Chennai Super Kings,bat,Rajasthan Royals,wickets,5.0,151.0,20.0,N,,CB Gaffaney,NA Patwardhan,2022
944,1304115,2022,Mumbai,2022-05-21,League,JJ Bumrah,"Wankhede Stadium, Mumbai",Delhi Capitals,Mumbai Indians,Mumbai Indians,field,Mumbai Indians,wickets,5.0,160.0,20.0,N,,Nitin Menon,Tapan Sharma,2022
945,1304116,2022,Mumbai,2022-05-22,League,Harpreet Brar,"Wankhede Stadium, Mumbai",Sunrisers Hyderabad,Punjab Kings,Sunrisers Hyderabad,bat,Punjab Kings,wickets,5.0,158.0,20.0,N,,AK Chaudhary,NA Patwardhan,2022
946,1312197,2022,Kolkata,2022-05-24,Qualifier 1,DA Miller,"Eden Gardens, Kolkata",Rajasthan Royals,Gujarat Titans,Gujarat Titans,field,Gujarat Titans,wickets,7.0,189.0,20.0,N,,BNJ Oxenford,VK Sharma,2022
947,1312198,2022,Kolkata,2022-05-25,Eliminator,RM Patidar,"Eden Gardens, Kolkata",Royal Challengers Bangalore,Lucknow Super Giants,Lucknow Super Giants,field,Royal Challengers Bangalore,runs,14.0,208.0,20.0,N,,J Madanagopal,MA Gough,2022
948,1312199,2022,Ahmedabad,2022-05-27,Qualifier 2,JC Buttler,"Narendra Modi Stadium, Ahmedabad",Royal Challengers Bangalore,Rajasthan Royals,Rajasthan Royals,field,Rajasthan Royals,wickets,7.0,158.0,20.0,N,,CB Gaffaney,Nitin Menon,2022
949,1312200,2022,Ahmedabad,2022-05-29,Final,HH Pandya,"Narendra Modi Stadium, Ahmedabad",Rajasthan Royals,Gujarat Titans,Rajasthan Royals,bat,Gujarat Titans,wickets,7.0,131.0,20.0,N,,CB Gaffaney,Nitin Menon,2022
950,1359475,2023,Ahmedabad,2023-03-31,League,Rashid Khan,"Narendra Modi Stadium, Ahmedabad",Chennai Super Kings,Gujarat Titans,Gujarat Titans,field,Gujarat Titans,wickets,5.0,179.0,20.0,N,,Nitin Menon,HAS Khalid,2023
951,1359476,2023,Chandigarh,2023-04-01,League,Arshdeep Singh,"Punjab Cricket Association IS Bindra Stadium, Mohali, Chandigarh",Punjab Kings,Kolkata Knight Riders,Kolkata Knight Riders,field,Punjab Kings,runs,7.0,154.0,16.0,N,D/L,BNJ Oxenford,YC Barde,2023
952,1359477,2023,Lucknow,2023-04-01,League,MA Wood,"Bharat Ratna Shri Atal Bihari Vajpayee Ekana Cricket Stadium, Lucknow",Lucknow Super Giants,Delhi Capitals,Delhi Capitals,field,Lucknow Super Giants,runs,50.0,194.0,20.0,N,,AK Chaudhary,NA Patwardhan,2023
953,1359478,2023,Hyderabad,2023-04-02,League,JC Buttler,"Rajiv Gandhi International Stadium, Uppal, Hyderabad",Rajasthan Royals,Sunrisers Hyderabad,Sunrisers Hyderabad,field,Rajasthan Royals,runs,72.0,204.0,20.0,N,,KN Ananthapadmanabhan,R Pandit,2023
954,1359479,2023,Bengaluru,2023-04-02,League,F du Plessis,"M Chinnaswamy Stadium, Bengaluru",Mumbai Indians,Royal Challengers Bangalore,Royal Challengers Bangalore,field,Royal Challengers Bangalore,wickets,8.0,172.0,20.0,N,,Nitin Menon,Tapan Sharma,2023
955,1359480,2023,Chennai,2023-04-03,League,MM Ali,"MA Chidambaram Stadium, Chepauk, Chennai",Chennai Super Kings,Lucknow Super Giants,Lucknow Super Giants,field,Chennai Super Kings,runs,12.0,218.0,20.0,N,,A Totre,BNJ Oxenford,2023
956,1359481,2023,Delhi,2023-04-04,League,B Sai Sudharsan,"Arun Jaitley Stadium, Delhi",Delhi Capitals,Gujarat Titans,Gujarat Titans,field,Gujarat Titans,wickets,6.0,163.0,20.0,N,,A Nand Kishore,GR Sadashiv Iyer,2023
957,1359482,2023,Guwahati,2023-04-05,League,NT Ellis,"Barsapara Cricket Stadium, Guwahati",Punjab Kings,Rajasthan Royals,Rajasthan Royals,field,Punjab Kings,runs,5.0,198.0,20.0,N,,KN Ananthapadmanabhan,MV Saidharshan Kumar,2023
958,1359483,2023,Kolkata,2023-04-06,League,SN Thakur,"Eden Gardens, Kolkata",Kolkata Knight Riders,Royal Challengers Bangalore,Royal Challengers Bangalore,field,Kolkata Knight Riders,runs,81.0,205.0,20.0,N,,Vinod Seshan,VK Sharma,2023
959,1359484,2023,Lucknow,2023-04-07,League,KH Pandya,"Bharat Ratna Shri Atal Bihari Vajpayee Ekana Cricket Stadium, Lucknow",Sunrisers Hyderabad,Lucknow Super Giants,Sunrisers Hyderabad,bat,Lucknow Super Giants,wickets,5.0,122.0,20.0,N,,J Madanagopal,YC Barde,2023
960,1359485,2023,Guwahati,2023-04-08,League,YBK Jaiswal,"Barsapara Cricket Stadium, Guwahati",Rajasthan Royals,Delhi Capitals,Delhi Capitals,field,Rajasthan Royals,runs,57.0,200.0,20.0,N,,Navdeep Singh,MV Saidharshan Kumar,2023
961,1359486,2023,Mumbai,2023-04-08,League,RA Jadeja,"Wankhede Stadium, Mumbai",Mumbai Indians,Chennai Super Kings,Chennai Super Kings,field,Chennai Super Kings,wickets,7.0,158.0,20.0,N,,CB Gaffaney,NA Patwardhan,2023
962,1359487,2023,Ahmedabad,2023-04-09,League,RK Singh,"Narendra Modi Stadium, Ahmedabad",Gujarat Titans,Kolkata Knight Riders,Gujarat Titans,bat,Kolkata Knight Riders,wickets,3.0,205.0,20.0,N,,Nitin Menon,Tapan Sharma,2023
963,1359488,2023,Hyderabad,2023-04-09,League,S Dhawan,"Rajiv Gandhi International Stadium, Uppal, Hyderabad",Punjab Kings,Sunrisers Hyderabad,Sunrisers Hyderabad,field,Sunrisers Hyderabad,wickets,8.0,144.0,20.0,N,,BNJ Oxenford,UV Gandhe,2023
964,1359489,2023,Bengaluru,2023-04-10,League,N Pooran,"M Chinnaswamy Stadium, Bengaluru",Royal Challengers Bangalore,Lucknow Super Giants,Lucknow Super Giants,field,Lucknow Super Giants,wickets,1.0,213.0,20.0,N,,AK Chaudhary,A Nand Kishore,2023
965,1359490,2023,Delhi,2023-04-11,League,RG Sharma,"Arun Jaitley Stadium, Delhi",Delhi Capitals,Mumbai Indians,Mumbai Indians,field,Mumbai Indians,wickets,6.0,173.0,20.0,N,,MA Gough,R Pandit,2023
966,1359491,2023,Chennai,2023-04-12,League,R Ashwin,"MA Chidambaram Stadium, Chepauk, Chennai",Rajasthan Royals,Chennai Super Kings,Chennai Super Kings,field,Rajasthan Royals,runs,3.0,176.0,20.0,N,,Vinod Seshan,VK Sharma,2023
967,1359492,2023,Chandigarh,2023-04-13,League,MM Sharma,"Punjab Cricket Association IS Bindra Stadium, Mohali, Chandigarh",Punjab Kings,Gujarat Titans,Gujarat Titans,field,Gujarat Titans,wickets,6.0,154.0,20.0,N,,A Totre,J Madanagopal,2023
968,1359493,2023,Kolkata,2023-04-14,League,HC Brook,"Eden Gardens, Kolkata",Sunrisers Hyderabad,Kolkata Knight Riders,Kolkata Knight Riders,field,Sunrisers Hyderabad,runs,23.0,229.0,20.0,N,,CB Gaffaney,GR Sadashiv Iyer,2023
969,1359494,2023,Bengaluru,2023-04-15,League,V Kohli,"M Chinnaswamy Stadium, Bengaluru",Royal Challengers Bangalore,Delhi Capitals,Delhi Capitals,field,Royal Challengers Bangalore,runs,23.0,175.0,20.0,N,,KN Ananthapadmanabhan,MV Saidharshan Kumar,2023
970,1359495,2023,Lucknow,2023-04-15,League,Sikandar Raza,"Bharat Ratna Shri Atal Bihari Vajpayee Ekana Cricket Stadium, Lucknow",Lucknow Super Giants,Punjab Kings,Punjab Kings,field,Punjab Kings,wickets,2.0,160.0,20.0,N,,HAS Khalid,VK Sharma,2023
971,1359496,2023,Mumbai,2023-04-16,League,VR Iyer,"Wankhede Stadium, Mumbai",Kolkata Knight Riders,Mumbai Indians,Mumbai Indians,field,Mumbai Indians,wickets,5.0,186.0,20.0,N,,BNJ Oxenford,UV Gandhe,2023
972,1359497,2023,Ahmedabad,2023-04-16,League,SO Hetmyer,"Narendra Modi Stadium, Ahmedabad",Gujarat Titans,Rajasthan Royals,Rajasthan Royals,field,Rajasthan Royals,wickets,3.0,178.0,20.0,N,,AK Chaudhary,CB Gaffaney,2023
973,1359498,2023,Bengaluru,2023-04-17,League,DP Conway,"M Chinnaswamy Stadium, Bengaluru",Chennai Super Kings,Royal Challengers Bangalore,Royal Challengers Bangalore,field,Chennai Super Kings,runs,8.0,227.0,20.0,N,,KN Ananthapadmanabhan,Navdeep Singh,2023
974,1359499,2023,Hyderabad,2023-04-18,League,C Green,"Rajiv Gandhi International Stadium, Uppal, Hyderabad",Mumbai Indians,Sunrisers Hyderabad,Sunrisers Hyderabad,field,Mumbai Indians,runs,14.0,193.0,20.0,N,,Nitin Menon,Vinod Seshan,2023
975,1359500,2023,Jaipur,2023-04-19,League,MP Stoinis,"Sawai Mansingh Stadium, Jaipur",Lucknow Super Giants,Rajasthan Royals,Rajasthan Royals,field,Lucknow Super Giants,runs,10.0,155.0,20.0,N,,J Madanagopal,YC Barde,2023
976,1359501,2023,Chandigarh,2023-04-20,League,Mohammed Siraj,"Punjab Cricket Association IS Bindra Stadium, Mohali, Chandigarh",Royal Challengers Bangalore,Punjab Kings,Punjab Kings,field,Royal Challengers Bangalore,runs,24.0,175.0,20.0,N,,AK Chaudhary,GR Sadashiv Iyer,2023
977,1359502,2023,Delhi,2023-04-20,League,I Sharma,"Arun Jaitley Stadium, Delhi",Kolkata Knight Riders,Delhi Capitals,Delhi Capitals,field,Delhi Capitals,wickets,4.0,128.0,20.0,N,,MA Gough,R Pandit,2023
978,1359503,2023,Chennai,2023-04-21,League,RA Jadeja,"MA Chidambaram Stadium, Chepauk, Chennai",Sunrisers Hyderabad,Chennai Super Kings,Chennai Super Kings,field,Chennai Super Kings,wickets,7.0,135.0,20.0,N,,HAS Khalid,VK Sharma,2023
979,1359504,2023,Lucknow,2023-04-22,League,MM Sharma,"Bharat Ratna Shri Atal Bihari Vajpayee Ekana Cricket Stadium, Lucknow",Gujarat Titans,Lucknow Super Giants,Gujarat Titans,bat,Gujarat Titans,runs,7.0,136.0,20.0,N,,A Totre,RJ Tucker,2023
980,1359505,2023,Mumbai,2023-04-22,League,SM Curran,"Wankhede Stadium, Mumbai",Punjab Kings,Mumbai Indians,Mumbai Indians,field,Punjab Kings,runs,13.0,215.0,20.0,N,,CB Gaffaney,GR Sadashiv Iyer,2023
981,1359506,2023,Bengaluru,2023-04-23,League,GJ Maxwell,"M Chinnaswamy Stadium, Bengaluru",Royal Challengers Bangalore,Rajasthan Royals,Rajasthan Royals,field,Royal Challengers Bangalore,runs,7.0,190.0,20.0,N,,MA Gough,MV Saidharshan Kumar,2023
982,1359507,2023,Kolkata,2023-04-23,League,AM Rahane,"Eden Gardens, Kolkata",Chennai Super Kings,Kolkata Knight Riders,Kolkata Knight Riders,field,Chennai Super Kings,runs,49.0,236.0,20.0,N,,Nitin Menon,Tapan Sharma,2023
983,1359508,2023,Hyderabad,2023-04-24,League,AR Patel,"Rajiv Gandhi International Stadium, Uppal, Hyderabad",Delhi Capitals,Sunrisers Hyderabad,Delhi Capitals,bat,Delhi Capitals,runs,7.0,145.0,20.0,N,,J Madanagopal,RJ Tucker,2023
984,1359509,2023,Ahmedabad,2023-04-25,League,A Manohar,"Narendra Modi Stadium, Ahmedabad",Gujarat Titans,Mumbai Indians,Mumbai Indians,field,Gujarat Titans,runs,55.0,208.0,20.0,N,,AK Chaudhary,A Nand Kishore,2023
985,1359510,2023,Bengaluru,2023-04-26,League,CV Varun,"M Chinnaswamy Stadium, Bengaluru",Kolkata Knight Riders,Royal Challengers Bangalore,Royal Challengers Bangalore,field,Kolkata Knight Riders,runs,21.0,201.0,20.0,N,,KN Ananthapadmanabhan,R Pandit,2023
986,1359511,2023,Jaipur,2023-04-27,League,YBK Jaiswal,"Sawai Mansingh Stadium, Jaipur",Rajasthan Royals,Chennai Super Kings,Rajasthan Royals,bat,Rajasthan Royals,runs,32.0,203.0,20.0,N,,A Totre,YC Barde,2023
987,1359512,2023,Chandigarh,2023-04-28,League,MP Stoinis,"Punjab Cricket Association IS Bindra Stadium, Mohali, Chandigarh",Lucknow Super Giants,Punjab Kings,Punjab Kings,field,Lucknow Super Giants,runs,56.0,258.0,20.0,N,,Nitin Menon,Vinod Seshan,2023
988,1359513,2023,Kolkata,2023-04-29,League,J Little,"Eden Gardens, Kolkata",Kolkata Knight Riders,Gujarat Titans,Gujarat Titans,field,Gujarat Titans,wickets,7.0,180.0,20.0,N,,NA Patwardhan,GR Sadashiv Iyer,2023
989,1359514,2023,Delhi,2023-04-29,League,MR Marsh,"Arun Jaitley Stadium, Delhi",Sunrisers Hyderabad,Delhi Capitals,Sunrisers Hyderabad,bat,Sunrisers Hyderabad,runs,9.0,198.0,20.0,N,,MA Gough,Navdeep Singh,2023
990,1359515,2023,Chennai,2023-04-30,League,DP Conway,"MA Chidambaram Stadium, Chepauk, Chennai",Chennai Super Kings,Punjab Kings,Chennai Super Kings,bat,Punjab Kings,wickets,4.0,201.0,20.0,N,,RJ Tucker,UV Gandhe,2023
991,1359516,2023,Mumbai,2023-04-30,League,YBK Jaiswal,"Wankhede Stadium, Mumbai",Rajasthan Royals,Mumbai Indians,Rajasthan Royals,bat,Mumbai Indians,wickets,6.0,213.0,20.0,N,,Vinod Seshan,VK Sharma,2023
992,1359517,2023,Lucknow,2023-05-01,League,F du Plessis,"Bharat Ratna Shri Atal Bihari Vajpayee Ekana Cricket Stadium, Lucknow",Royal Challengers Bangalore,Lucknow Super Giants,Royal Challengers Bangalore,bat,Royal Challengers Bangalore,runs,18.0,127.0,20.0,N,,AK Chaudhary,GR Sadashiv Iyer,2023
993,1359518,2023,Ahmedabad,2023-05-02,League,Mohammed Shami,"Narendra Modi Stadium, Ahmedabad",Delhi Capitals,Gujarat Titans,Delhi Capitals,bat,Delhi Capitals,runs,5.0,131.0,20.0,N,,MA Gough,R Pandit,2023
994,1359519,2023,Lucknow,2023-05-03,League,,"Bharat Ratna Shri Atal Bihari Vajpayee Ekana Cricket Stadium, Lucknow",Lucknow Super Giants,Chennai Super Kings,Chennai Super Kings,field,,no result,,,,N,,AK Chaudhary,NA Patwardhan,2023
995,1359520,2023,Chandigarh,2023-05-03,League,Ishan Kishan,"Punjab Cricket Association IS Bindra Stadium, Mohali, Chandigarh",Punjab Kings,Mumbai Indians,Mumbai Indians,field,Mumbai Indians,wickets,6.0,215.0,20.0,N,,J Madanagopal,RJ Tucker,2023
996,1359521,2023,Hyderabad,2023-05-04,League,CV Varun,"Rajiv Gandhi International Stadium, Uppal, Hyderabad",Kolkata Knight Riders,Sunrisers Hyderabad,Kolkata Knight Riders,bat,Kolkata Knight Riders,runs,5.0,172.0,20.0,N,,KN Ananthapadmanabhan,MA Gough,2023
997,1359522,2023,Jaipur,2023-05-05,League,Rashid Khan,"Sawai Mansingh Stadium, Jaipur",Rajasthan Royals,Gujarat Titans,Rajasthan Royals,bat,Gujarat Titans,wickets,9.0,119.0,20.0,N,,HAS Khalid,VK Sharma,2023
998,1359523,2023,Chennai,2023-05-06,League,M Pathirana,"MA Chidambaram Stadium, Chepauk, Chennai",Mumbai Indians,Chennai Super Kings,Chennai Super Kings,field,Chennai Super Kings,wickets,6.0,140.0,20.0,N,,BNJ Oxenford,Navdeep Singh,2023
999,1359524,2023,Delhi,2023-05-06,League,PD Salt,"Arun Jaitley Stadium, Delhi",Royal Challengers Bangalore,Delhi Capitals,Royal Challengers Bangalore,bat,Delhi Capitals,wickets,7.0,182.0,20.0,N,,RJ Tucker,YC Barde,2023
1000,1359525,2023,Ahmedabad,2023-05-07,League,Shubman Gill,"Narendra Modi Stadium, Ahmedabad",Gujarat Titans,Lucknow Super Giants,Lucknow Super Giants,field,Gujarat Titans,runs,56.0,228.0,20.0,N,,AK Chaudhary,A Nand Kishore,2023
1001,1359526,2023,Jaipur,2023-05-07,League,GD Phillips,"Sawai Mansingh Stadium, Jaipur",Rajasthan Royals,Sunrisers Hyderabad,Rajasthan Royals,bat,Sunrisers Hyderabad,wickets,4.0,215.0,20.0,N,,Nitin Menon,Vinod Seshan,2023
1002,1359527,2023,Kolkata,2023-05-08,League,AD Russell,"Eden Gardens, Kolkata",Punjab Kings,Kolkata Knight Riders,Punjab Kings,bat,Kolkata Knight Riders,wickets,5.0,180.0,20.0,N,,A Totre,J Madanagopal,2023
1003,1359528,2023,Mumbai,2023-05-09,League,SA Yadav,"Wankhede Stadium, Mumbai",Royal Challengers Bangalore,Mumbai Indians,Mumbai Indians,field,Mumbai Indians,wickets,6.0,200.0,20.0,N,,HAS Khalid,VK Sharma,2023
1004,1359529,2023,Chennai,2023-05-10,League,RA Jadeja,"MA Chidambaram Stadium, Chepauk, Chennai",Chennai Super Kings,Delhi Capitals,Chennai Super Kings,bat,Chennai Super Kings,runs,27.0,168.0,20.0,N,,CB Gaffaney,NA Patwardhan,2023
1005,1359530,2023,Kolkata,2023-05-11,League,YBK Jaiswal,"Eden Gardens, Kolkata",Kolkata Knight Riders,Rajasthan Royals,Rajasthan Royals,field,Rajasthan Royals,wickets,9.0,150.0,20.0,N,,RJ Tucker,MV Saidharshan Kumar,2023
1006,1359531,2023,Mumbai,2023-05-12,League,SA Yadav,"Wankhede Stadium, Mumbai",Mumbai Indians,Gujarat Titans,Gujarat Titans,field,Mumbai Indians,runs,27.0,219.0,20.0,N,,Nitin Menon,Tapan Sharma,2023
1007,1359532,2023,Hyderabad,2023-05-13,League,PN Mankad,"Rajiv Gandhi International Stadium, Uppal, Hyderabad",Sunrisers Hyderabad,Lucknow Super Giants,Sunrisers Hyderabad,bat,Lucknow Super Giants,wickets,7.0,183.0,20.0,N,,A Totre,J Madanagopal,2023
1008,1359533,2023,Delhi,2023-05-13,League,P Simran Singh,"Arun Jaitley Stadium, Delhi",Punjab Kings,Delhi Capitals,Delhi Capitals,field,Punjab Kings,runs,31.0,168.0,20.0,N,,CB Gaffaney,NA Patwardhan,2023
1009,1359534,2023,Jaipur,2023-05-14,League,WD Parnell,"Sawai Mansingh Stadium, Jaipur",Royal Challengers Bangalore,Rajasthan Royals,Royal Challengers Bangalore,bat,Royal Challengers Bangalore,runs,112.0,172.0,20.0,N,,KN Ananthapadmanabhan,Navdeep Singh,2023
1010,1359535,2023,Chennai,2023-05-14,League,RK Singh,"MA Chidambaram Stadium, Chepauk, Chennai",Chennai Super Kings,Kolkata Knight Riders,Chennai Super Kings,bat,Kolkata Knight Riders,wickets,6.0,145.0,20.0,N,,Tapan Sharma,Vinod Seshan,2023
1011,1359536,2023,Ahmedabad,2023-05-15,League,Shubman Gill,"Narendra Modi Stadium, Ahmedabad",Gujarat Titans,Sunrisers Hyderabad,Sunrisers Hyderabad,field,Gujarat Titans,runs,34.0,189.0,20.0,N,,J Madanagopal,UV Gandhe,2023
1012,1359537,2023,Lucknow,2023-05-16,League,MP Stoinis,"Bharat Ratna Shri Atal Bihari Vajpayee Ekana Cricket Stadium, Lucknow",Lucknow Super Giants,Mumbai Indians,Mumbai Indians,field,Lucknow Super Giants,runs,5.0,178.0,20.0,N,,AK Chaudhary,A Nand Kishore,2023
1013,1359538,2023,Dharamsala,2023-05-17,League,RR Rossouw,"Himachal Pradesh Cricket Association Stadium, Dharamsala",Delhi Capitals,Punjab Kings,Punjab Kings,field,Delhi Capitals,runs,15.0,214.0,20.0,N,,KN Ananthapadmanabhan,MV Saidharshan Kumar,2023
1014,1359539,2023,Hyderabad,2023-05-18,League,V Kohli,"Rajiv Gandhi International Stadium, Uppal, Hyderabad",Sunrisers Hyderabad,Royal Challengers Bangalore,Royal Challengers Bangalore,field,Royal Challengers Bangalore,wickets,8.0,187.0,20.0,N,,BNJ Oxenford,VK Sharma,2023
1015,1359540,2023,Dharamsala,2023-05-19,League,D Padikkal,"Himachal Pradesh Cricket Association Stadium, Dharamsala",Punjab Kings,Rajasthan Royals,Rajasthan Royals,field,Rajasthan Royals,wickets,4.0,188.0,20.0,N,,A Nand Kishore,RJ Tucker,2023
1016,1359541,2023,Delhi,2023-05-20,League,RD Gaikwad,"Arun Jaitley Stadium, Delhi",Chennai Super Kings,Delhi Capitals,Chennai Super Kings,bat,Chennai Super Kings,runs,77.0,224.0,20.0,N,,CB Gaffaney,NA Patwardhan,2023
1017,1359542,2023,Kolkata,2023-05-20,League,N Pooran,"Eden Gardens, Kolkata",Lucknow Super Giants,Kolkata Knight Riders,Kolkata Knight Riders,field,Lucknow Super Giants,runs,1.0,177.0,20.0,N,,J Madanagopal,UV Gandhe,2023
1018,1359543,2023,Mumbai,2023-05-21,League,C Green,"Wankhede Stadium, Mumbai",Sunrisers Hyderabad,Mumbai Indians,Mumbai Indians,field,Mumbai Indians,wickets,8.0,201.0,20.0,N,,KN Ananthapadmanabhan,RJ Tucker,2023
1019,1359544,2023,Bengaluru,2023-05-21,League,Shubman Gill,"M Chinnaswamy Stadium, Bengaluru",Royal Challengers Bangalore,Gujarat Titans,Gujarat Titans,field,Gujarat Titans,wickets,6.0,198.0,20.0,N,,Nitin Menon,VK Sharma,2023
1020,1370350,2023,Chennai,2023-05-23,Qualifier 1,RD Gaikwad,"MA Chidambaram Stadium, Chepauk, Chennai",Chennai Super Kings,Gujarat Titans,Gujarat Titans,field,Chennai Super Kings,runs,15.0,173.0,20.0,N,,AK Chaudhary,CB Gaffaney,2023
1021,1370351,2023,Chennai,2023-05-24,Eliminator,Akash Madhwal,"MA Chidambaram Stadium, Chepauk, Chennai",Mumbai Indians,Lucknow Super Giants,Mumbai Indians,bat,Mumbai Indians,runs,81.0,183.0,20.0,N,,BNJ Oxenford,VK Sharma,2023
1022,1370352,2023,Ahmedabad,2023-05-26,Qualifier 2,Shubman Gill,"Narendra Modi Stadium, Ahmedabad",Gujarat Titans,Mumbai Indians,Mumbai Indians,field,Gujarat Titans,runs,62.0,234.0,20.0,N,,Nitin Menon,RJ Tucker,2023
1023,1370353,2023,Ahmedabad,2023-05-29,Final,DP Conway,"Narendra Modi Stadium, Ahmedabad",Gujarat Titans,Chennai Super Kings,Chennai Super Kings,field,Chennai Super Kings,wickets,5.0,171.0,15.0,N,D/L,Nitin Menon,RJ Tucker,2023
1024,1422119,2024,Chennai,2024-03-22,League,Mustafizur Rahman,"MA Chidambaram Stadium, Chepauk, Chennai",Royal Challengers Bengaluru,Chennai Super Kings,Royal Challengers Bengaluru,bat,Chennai Super Kings,wickets,6.0,174.0,20.0,N,,HAS Khalid,VK Sharma,2024
1025,1422120,2024,Mohali,2024-03-23,League,SM Curran,"Maharaja Yadavindra Singh International Cricket Stadium, Mullanpur",Delhi Capitals,Punjab Kings,Punjab Kings,field,Punjab Kings,wickets,4.0,175.0,20.0,N,,J Madanagopal,NA Patwardhan,2024
1026,1422121,2024,Kolkata,2024-03-23,League,AD Russell,"Eden Gardens, Kolkata",Kolkata Knight Riders,Sunrisers Hyderabad,Sunrisers Hyderabad,field,Kolkata Knight Riders,runs,4.0,209.0,20.0,N,,R Pandit,YC Barde,2024
1027,1422122,2024,Jaipur,2024-03-24,League,SV Samson,"Sawai Mansingh Stadium, Jaipur",Rajasthan Royals,Lucknow Super Giants,Rajasthan Royals,bat,Rajasthan Royals,runs,20.0,194.0,20.0,N,,A Totre,HDPK Dharmasena,2024
1028,1422123,2024,Ahmedabad,2024-03-24,League,B Sai Sudharsan,"Narendra Modi Stadium, Ahmedabad",Gujarat Titans,Mumbai Indians,Mumbai Indians,field,Gujarat Titans,runs,6.0,169.0,20.0,N,,VA Kulkarni,VK Sharma,2024
1029,1422124,2024,Bengaluru,2024-03-25,League,V Kohli,"M Chinnaswamy Stadium, Bengaluru",Punjab Kings,Royal Challengers Bengaluru,Royal Challengers Bengaluru,field,Royal Challengers Bengaluru,wickets,4.0,177.0,20.0,N,,AK Chaudhary,MV Saidharshan Kumar,2024
1030,1422125,2024,Chennai,2024-03-26,League,S Dube,"MA Chidambaram Stadium, Chepauk, Chennai",Chennai Super Kings,Gujarat Titans,Gujarat Titans,field,Chennai Super Kings,runs,63.0,207.0,20.0,N,,AG Wharf,Tapan Sharma,2024
1031,1422126,2024,Hyderabad,2024-03-27,League,Abhishek Sharma,"Rajiv Gandhi International Stadium, Uppal, Hyderabad",Sunrisers Hyderabad,Mumbai Indians,Mumbai Indians,field,Sunrisers Hyderabad,runs,31.0,278.0,20.0,N,,KN Ananthapadmanabhan,UV Gandhe,2024
1032,1422127,2024,Jaipur,2024-03-28,League,R Parag,"Sawai Mansingh Stadium, Jaipur",Rajasthan Royals,Delhi Capitals,Delhi Capitals,field,Rajasthan Royals,runs,12.0,186.0,20.0,N,,A Nand Kishore,Nitin Menon,2024
1033,1422128,2024,Bengaluru,2024-03-29,League,SP Narine,"M Chinnaswamy Stadium, Bengaluru",Royal Challengers Bengaluru,Kolkata Knight Riders,Kolkata Knight Riders,field,Kolkata Knight Riders,wickets,7.0,183.0,20.0,N,,AK Chaudhary,R Pandit,2024
1034,1422129,2024,Lucknow,2024-03-30,League,MP Yadav,"Bharat Ratna Shri Atal Bihari Vajpayee Ekana Cricket Stadium, Lucknow",Lucknow Super Giants,Punjab Kings,Lucknow Super Giants,bat,Lucknow Super Giants,runs,21.0,200.0,20.0,N,,J Madanagopal,Navdeep Singh,2024
1035,1422130,2024,Ahmedabad,2024-03-31,League,MM Sharma,"Narendra Modi Stadium, Ahmedabad",Sunrisers Hyderabad,Gujarat Titans,Sunrisers Hyderabad,bat,Gujarat Titans,wickets,7.0,163.0,20.0,N,,HAS Khalid,VK Sharma,2024
1036,1422131,2024,Visakhapatnam,2024-03-31,League,KK Ahmed,"Dr. Y.S. Rajasekhara Reddy ACA-VDCA Cricket Stadium, Visakhapatnam",Delhi Capitals,Chennai Super Kings,Delhi Capitals,bat,Delhi Capitals,runs,20.0,192.0,20.0,N,,HDPK Dharmasena,Vinod Seshan,2024
1037,1422132,2024,Mumbai,2024-04-01,League,TA Boult,"Wankhede Stadium, Mumbai",Mumbai Indians,Rajasthan Royals,Rajasthan Royals,field,Rajasthan Royals,wickets,6.0,126.0,20.0,N,,MV Saidharshan Kumar,YC Barde,2024
1038,1422133,2024,Bengaluru,2024-04-02,League,MP Yadav,"M Chinnaswamy Stadium, Bengaluru",Lucknow Super Giants,Royal Challengers Bengaluru,Royal Challengers Bengaluru,field,Lucknow Super Giants,runs,28.0,182.0,20.0,N,,J Madanagopal,NA Patwardhan,2024
1039,1422134,2024,Visakhapatnam,2024-04-03,League,SP Narine,"Dr. Y.S. Rajasekhara Reddy ACA-VDCA Cricket Stadium, Visakhapatnam",Kolkata Knight Riders,Delhi Capitals,Kolkata Knight Riders,bat,Kolkata Knight Riders,runs,106.0,273.0,20.0,N,,A Totre,UV Gandhe,2024
1040,1422135,2024,Ahmedabad,2024-04-04,League,Shashank Singh,"Narendra Modi Stadium, Ahmedabad",Gujarat Titans,Punjab Kings,Punjab Kings,field,Punjab Kings,wickets,3.0,200.0,20.0,N,,Nitin Menon,VA Kulkarni,2024
1041,1422136,2024,Hyderabad,2024-04-05,League,Abhishek Sharma,"Rajiv Gandhi International Stadium, Uppal, Hyderabad",Chennai Super Kings,Sunrisers Hyderabad,Sunrisers Hyderabad,field,Sunrisers Hyderabad,wickets,6.0,166.0,20.0,N,,R Pandit,YC Barde,2024
1042,1422137,2024,Jaipur,2024-04-06,League,JC Buttler,"Sawai Mansingh Stadium, Jaipur",Royal Challengers Bengaluru,Rajasthan Royals,Rajasthan Royals,field,Rajasthan Royals,wickets,6.0,184.0,20.0,N,,AG Wharf,Tapan Sharma,2024
1043,1422138,2024,Mumbai,2024-04-07,League,R Shepherd,"Wankhede Stadium, Mumbai",Mumbai Indians,Delhi Capitals,Delhi Capitals,field,Mumbai Indians,runs,29.0,235.0,20.0,N,,HDPK Dharmasena,UV Gandhe,2024
1044,1422139,2024,Lucknow,2024-04-07,League,Yash Thakur,"Bharat Ratna Shri Atal Bihari Vajpayee Ekana Cricket Stadium, Lucknow",Lucknow Super Giants,Gujarat Titans,Lucknow Super Giants,bat,Lucknow Super Giants,runs,33.0,164.0,20.0,N,,A Nand Kishore,VK Sharma,2024
1045,1426260,2024,Chennai,2024-04-08,League,RA Jadeja,"MA Chidambaram Stadium, Chepauk, Chennai",Kolkata Knight Riders,Chennai Super Kings,Chennai Super Kings,field,Chennai Super Kings,wickets,7.0,138.0,20.0,N,,AK Chaudhary,MV Saidharshan Kumar,2024
1046,1426261,2024,Mohali,2024-04-09,League,Nithish Kumar Reddy,"Maharaja Yadavindra Singh International Cricket Stadium, Mullanpur",Sunrisers Hyderabad,Punjab Kings,Punjab Kings,field,Sunrisers Hyderabad,runs,2.0,183.0,20.0,N,,Navdeep Singh,NA Patwardhan,2024
1047,1426262,2024,Jaipur,2024-04-10,League,Rashid Khan,"Sawai Mansingh Stadium, Jaipur",Rajasthan Royals,Gujarat Titans,Gujarat Titans,field,Gujarat Titans,wickets,3.0,197.0,20.0,N,,HDPK Dharmasena,Vinod Seshan,2024
1048,1426263,2024,Mumbai,2024-04-11,League,JJ Bumrah,"Wankhede Stadium, Mumbai",Royal Challengers Bengaluru,Mumbai Indians,Mumbai Indians,field,Mumbai Indians,wickets,7.0,197.0,20.0,N,,Nitin Menon,VA Kulkarni,2024
1049,1426264,2024,Lucknow,2024-04-12,League,Kuldeep Yadav,"Bharat Ratna Shri Atal Bihari Vajpayee Ekana Cricket Stadium, Lucknow",Lucknow Super Giants,Delhi Capitals,Lucknow Super Giants,bat,Delhi Capitals,wickets,6.0,168.0,20.0,N,,R Pandit,YC Barde,2024
1050,1426265,2024,Mohali,2024-04-13,League,SO Hetmyer,"Maharaja Yadavindra Singh International Cricket Stadium, Mullanpur",Punjab Kings,Rajasthan Royals,Rajasthan Royals,field,Rajasthan Royals,wickets,3.0,148.0,20.0,N,,AK Chaudhary,Tapan Sharma,2024
1051,1426266,2024,Kolkata,2024-04-14,League,PD Salt,"Eden Gardens, Kolkata",Lucknow Super Giants,Kolkata Knight Riders,Kolkata Knight Riders,field,Kolkata Knight Riders,wickets,8.0,162.0,20.0,N,,A Totre,Vinod Seshan,2024
1052,1426267,2024,Mumbai,2024-04-14,League,M Pathirana,"Wankhede Stadium, Mumbai",Chennai Super Kings,Mumbai Indians,Mumbai Indians,field,Chennai Super Kings,runs,20.0,207.0,20.0,N,,Nitin Menon,HAS Khalid,2024
1053,1426268,2024,Bengaluru,2024-04-15,League,TM Head,"M Chinnaswamy Stadium, Bengaluru",Sunrisers Hyderabad,Royal Challengers Bengaluru,Royal Challengers Bengaluru,field,Sunrisers Hyderabad,runs,25.0,288.0,20.0,N,,AK Chaudhary,R Pandit,2024
1054,1426269,2024,Kolkata,2024-04-16,League,JC Buttler,"Eden Gardens, Kolkata",Kolkata Knight Riders,Rajasthan Royals,Rajasthan Royals,field,Rajasthan Royals,wickets,2.0,224.0,20.0,N,,MA Gough,UV Gandhe,2024
1055,1426270,2024,Ahmedabad,2024-04-17,League,RR Pant,"Narendra Modi Stadium, Ahmedabad",Gujarat Titans,Delhi Capitals,Delhi Capitals,field,Delhi Capitals,wickets,6.0,90.0,20.0,N,,NA Patwardhan,VK Sharma,2024
1056,1426271,2024,Mohali,2024-04-18,League,JJ Bumrah,"Maharaja Yadavindra Singh International Cricket Stadium, Mullanpur",Mumbai Indians,Punjab Kings,Punjab Kings,field,Mumbai Indians,runs,9.0,193.0,20.0,N,,A Nand Kishore,VA Kulkarni,2024
1057,1426272,2024,Lucknow,2024-04-19,League,KL Rahul,"Bharat Ratna Shri Atal Bihari Vajpayee Ekana Cricket Stadium, Lucknow",Chennai Super Kings,Lucknow Super Giants,Lucknow Super Giants,field,Lucknow Super Giants,wickets,8.0,177.0,20.0,N,,AK Chaudhary,R Pandit,2024
1058,1426273,2024,Delhi,2024-04-20,League,TM Head,"Arun Jaitley Stadium, Delhi",Sunrisers Hyderabad,Delhi Capitals,Delhi Capitals,field,Sunrisers Hyderabad,runs,67.0,267.0,20.0,N,,J Madanagopal,Navdeep Singh,2024
1059,1426274,2024,Kolkata,2024-04-21,League,AD Russell,"Eden Gardens, Kolkata",Kolkata Knight Riders,Royal Challengers Bengaluru,Royal Challengers Bengaluru,field,Kolkata Knight Riders,runs,1.0,223.0,20.0,N,,A Totre,Vinod Seshan,2024
1060,1426275,2024,Mohali,2024-04-21,League,R Sai Kishore,"Maharaja Yadavindra Singh International Cricket Stadium, Mullanpur",Punjab Kings,Gujarat Titans,Punjab Kings,bat,Gujarat Titans,wickets,3.0,143.0,20.0,N,,A Nand Kishore,VA Kulkarni,2024
1061,1426276,2024,Jaipur,2024-04-22,League,Sandeep Sharma,"Sawai Mansingh Stadium, Jaipur",Mumbai Indians,Rajasthan Royals,Mumbai Indians,bat,Rajasthan Royals,wickets,9.0,180.0,20.0,N,,AK Chaudhary,MV Saidharshan Kumar,2024
1062,1426277,2024,Chennai,2024-04-23,League,MP Stoinis,"MA Chidambaram Stadium, Chepauk, Chennai",Chennai Super Kings,Lucknow Super Giants,Lucknow Super Giants,field,Lucknow Super Giants,wickets,6.0,211.0,20.0,N,,NA Patwardhan,Tapan Sharma,2024
1063,1426278,2024,Delhi,2024-04-24,League,RR Pant,"Arun Jaitley Stadium, Delhi",Delhi Capitals,Gujarat Titans,Gujarat Titans,field,Delhi Capitals,runs,4.0,225.0,20.0,N,,KN Ananthapadmanabhan,UV Gandhe,2024
1064,1426279,2024,Hyderabad,2024-04-25,League,RM Patidar,"Rajiv Gandhi International Stadium, Uppal, Hyderabad",Royal Challengers Bengaluru,Sunrisers Hyderabad,Royal Challengers Bengaluru,bat,Royal Challengers Bengaluru,runs,35.0,207.0,20.0,N,,Nitin Menon,HAS Khalid,2024
1065,1426280,2024,Kolkata,2024-04-26,League,JM Bairstow,"Eden Gardens, Kolkata",Kolkata Knight Riders,Punjab Kings,Punjab Kings,field,Punjab Kings,wickets,8.0,262.0,20.0,N,,AK Chaudhary,YC Barde,2024
1066,1426281,2024,Delhi,2024-04-27,League,J Fraser-McGurk,"Arun Jaitley Stadium, Delhi",Delhi Capitals,Mumbai Indians,Mumbai Indians,field,Delhi Capitals,runs,10.0,258.0,20.0,N,,Navdeep Singh,NA Patwardhan,2024
1067,1426282,2024,Lucknow,2024-04-27,League,SV Samson,"Bharat Ratna Shri Atal Bihari Vajpayee Ekana Cricket Stadium, Lucknow",Lucknow Super Giants,Rajasthan Royals,Rajasthan Royals,field,Rajasthan Royals,wickets,7.0,197.0,20.0,N,,KN Ananthapadmanabhan,MA Gough,2024
1068,1426283,2024,Ahmedabad,2024-04-28,League,WG Jacks,"Narendra Modi Stadium, Ahmedabad",Gujarat Titans,Royal Challengers Bengaluru,Royal Challengers Bengaluru,field,Royal Challengers Bengaluru,wickets,9.0,201.0,20.0,N,,Nitin Menon,VK Sharma,2024
1069,1426284,2024,Chennai,2024-04-28,League,RD Gaikwad,"MA Chidambaram Stadium, Chepauk, Chennai",Chennai Super Kings,Sunrisers Hyderabad,Sunrisers Hyderabad,field,Chennai Super Kings,runs,78.0,213.0,20.0,N,,R Pandit,MV Saidharshan Kumar,2024
1070,1426285,2024,Kolkata,2024-04-29,League,CV Varun,"Eden Gardens, Kolkata",Delhi Capitals,Kolkata Knight Riders,Delhi Capitals,bat,Kolkata Knight Riders,wickets,7.0,154.0,20.0,N,,Navdeep Singh,Tapan Sharma,2024
1071,1426286,2024,Lucknow,2024-04-30,League,MP Stoinis,"Bharat Ratna Shri Atal Bihari Vajpayee Ekana Cricket Stadium, Lucknow",Mumbai Indians,Lucknow Super Giants,Lucknow Super Giants,field,Lucknow Super Giants,wickets,4.0,145.0,20.0,N,,MA Gough,UV Gandhe,2024
1072,1426287,2024,Chennai,2024-05-01,League,Harpreet Brar,"MA Chidambaram Stadium, Chepauk, Chennai",Chennai Super Kings,Punjab Kings,Punjab Kings,field,Punjab Kings,wickets,7.0,163.0,20.0,N,,HAS Khalid,VK Sharma,2024
1073,1426288,2024,Hyderabad,2024-05-02,League,B Kumar,"Rajiv Gandhi International Stadium, Uppal, Hyderabad",Sunrisers Hyderabad,Rajasthan Royals,Sunrisers Hyderabad,bat,Sunrisers Hyderabad,runs,1.0,202.0,20.0,N,,AK Chaudhary,YC Barde,2024
1074,1426289,2024,Mumbai,2024-05-03,League,VR Iyer,"Wankhede Stadium, Mumbai",Kolkata Knight Riders,Mumbai Indians,Mumbai Indians,field,Kolkata Knight Riders,runs,24.0,170.0,20.0,N,,J Madanagopal,Tapan Sharma,2024
1075,1426290,2024,Bengaluru,2024-05-04,League,Mohammed Siraj,"M Chinnaswamy Stadium, Bengaluru",Gujarat Titans,Royal Challengers Bengaluru,Royal Challengers Bengaluru,field,Royal Challengers Bengaluru,wickets,4.0,148.0,20.0,N,,A Totre,Vinod Seshan,2024
1076,1426291,2024,Dharamsala,2024-05-05,League,RA Jadeja,"Himachal Pradesh Cricket Association Stadium, Dharamsala",Chennai Super Kings,Punjab Kings,Punjab Kings,field,Chennai Super Kings,runs,28.0,168.0,20.0,N,,A Nand Kishore,VA Kulkarni,2024
1077,1426292,2024,Lucknow,2024-05-05,League,SP Narine,"Bharat Ratna Shri Atal Bihari Vajpayee Ekana Cricket Stadium, Lucknow",Kolkata Knight Riders,Lucknow Super Giants,Lucknow Super Giants,field,Kolkata Knight Riders,runs,98.0,236.0,20.0,N,,MV Saidharshan Kumar,YC Barde,2024
1078,1426293,2024,Mumbai,2024-05-06,League,SA Yadav,"Wankhede Stadium, Mumbai",Sunrisers Hyderabad,Mumbai Indians,Mumbai Indians,field,Mumbai Indians,wickets,7.0,174.0,20.0,N,,Navdeep Singh,Tapan Sharma,2024
1079,1426294,2024,Delhi,2024-05-07,League,Kuldeep Yadav,"Arun Jaitley Stadium, Delhi",Delhi Capitals,Rajasthan Royals,Rajasthan Royals,field,Delhi Capitals,runs,20.0,222.0,20.0,N,,KN Ananthapadmanabhan,UV Gandhe,2024
1080,1426295,2024,Hyderabad,2024-05-08,League,TM Head,"Rajiv Gandhi International Stadium, Uppal, Hyderabad",Lucknow Super Giants,Sunrisers Hyderabad,Lucknow Super Giants,bat,Sunrisers Hyderabad,wickets,10.0,166.0,20.0,N,,MV Saidharshan Kumar,YC Barde,2024
1081,1426296,2024,Dharamsala,2024-05-09,League,V Kohli,"Himachal Pradesh Cricket Association Stadium, Dharamsala",Royal Challengers Bengaluru,Punjab Kings,Punjab Kings,field,Royal Challengers Bengaluru,runs,60.0,242.0,20.0,N,,Nitin Menon,HAS Khalid,2024
1082,1426297,2024,Ahmedabad,2024-05-10,League,Shubman Gill,"Narendra Modi Stadium, Ahmedabad",Gujarat Titans,Chennai Super Kings,Chennai Super Kings,field,Gujarat Titans,runs,35.0,232.0,20.0,N,,KN Ananthapadmanabhan,NA Patwardhan,2024
1083,1426298,2024,Kolkata,2024-05-11,League,CV Varun,"Eden Gardens, Kolkata",Kolkata Knight Riders,Mumbai Indians,Mumbai Indians,field,Kolkata Knight Riders,runs,18.0,158.0,16.0,N,,UV Gandhe,Vinod Seshan,2024
1084,1426299,2024,Chennai,2024-05-12,League,Simarjeet Singh,"MA Chidambaram Stadium, Chepauk, Chennai",Rajasthan Royals,Chennai Super Kings,Rajasthan Royals,bat,Chennai Super Kings,wickets,5.0,142.0,20.0,N,,R Pandit,YC Barde,2024
1085,1426300,2024,Bengaluru,2024-05-12,League,C Green,"M Chinnaswamy Stadium, Bengaluru",Royal Challengers Bengaluru,Delhi Capitals,Delhi Capitals,field,Royal Challengers Bengaluru,runs,47.0,188.0,20.0,N,,A Nand Kishore,VA Kulkarni,2024
1086,1426302,2024,Delhi,2024-05-14,League,I Sharma,"Arun Jaitley Stadium, Delhi",Delhi Capitals,Lucknow Super Giants,Lucknow Super Giants,field,Delhi Capitals,runs,19.0,209.0,20.0,N,,A Totre,Vinod Seshan,2024
1087,1426303,2024,Guwahati,2024-05-15,League,SM Curran,"Barsapara Cricket Stadium, Guwahati",Rajasthan Royals,Punjab Kings,Rajasthan Royals,bat,Punjab Kings,wickets,5.0,145.0,20.0,N,,R Pandit,MV Saidharshan Kumar,2024
1088,1426305,2024,Mumbai,2024-05-17,League,N Pooran,"Wankhede Stadium, Mumbai",Lucknow Super Giants,Mumbai Indians,Mumbai Indians,field,Lucknow Super Giants,runs,18.0,215.0,20.0,N,,Navdeep Singh,R Pandit,2024
1089,1426306,2024,Bengaluru,2024-05-18,League,F du Plessis,"M Chinnaswamy Stadium, Bengaluru",Royal Challengers Bengaluru,Chennai Super Kings,Chennai Super Kings,field,Royal Challengers Bengaluru,runs,27.0,219.0,20.0,N,,A Totre,KN Ananthapadmanabhan,2024
1090,1426307,2024,Hyderabad,2024-05-19,League,Abhishek Sharma,"Rajiv Gandhi International Stadium, Uppal, Hyderabad",Punjab Kings,Sunrisers Hyderabad,Punjab Kings,bat,Sunrisers Hyderabad,wickets,4.0,215.0,20.0,N,,Nitin Menon,VK Sharma,2024
1091,1426309,2024,Ahmedabad,2024-05-21,Qualifier 1,MA Starc,"Narendra Modi Stadium, Ahmedabad",Sunrisers Hyderabad,Kolkata Knight Riders,Sunrisers Hyderabad,bat,Kolkata Knight Riders,wickets,8.0,160.0,20.0,N,,AK Chaudhary,R Pandit,2024
1092,1426310,2024,Ahmedabad,2024-05-22,Eliminator,R Ashwin,"Narendra Modi Stadium, Ahmedabad",Royal Challengers Bengaluru,Rajasthan Royals,Rajasthan Royals,field,Rajasthan Royals,wickets,4.0,173.0,20.0,N,,KN Ananthapadmanabhan,MV Saidharshan Kumar,2024
1093,1426311,2024,Chennai,2024-05-24,Qualifier 2,Shahbaz Ahmed,"MA Chidambaram Stadium, Chepauk, Chennai",Sunrisers Hyderabad,Rajasthan Royals,Rajasthan Royals,field,Sunrisers Hyderabad,runs,36.0,176.0,20.0,N,,Nitin Menon,VK Sharma,2024
1094,1426312,2024,Chennai,2024-05-26,Final,MA Starc,"MA Chidambaram Stadium, Chepauk, Chennai",Sunrisers Hyderabad,Kolkata Knight Riders,Sunrisers Hyderabad,bat,Kolkata Knight Riders,wickets,8.0,114.0,20.0,N,,J Madanagopal,Nitin Menon,2024
